id,GenderSelect,Country,Age
1,"Non-binary, genderqueer, or gender non-conforming",NA,NA
2,Male,United States,56
3,Male,United States,58
4,Male,United States,25
5,Male,Russia,22
6,Male,Netherlands,51
7,Male,Russia,34
8,Male,Sweden,37
9,Male,United States,43
10,Male,United States,27
11,Male,United States,63
12,Male,United States,32
13,Male,Canada,34
14,Male,Iran,31
15,Female,Germany,49
16,Male,United Kingdom,41
17,Male,United States,40
18,Male,Russia,37
19,Female,United States,31
20,Female,United States,NA
21,Female,United States,39
22,Male,Canada,35
23,Male,United States,50
24,Male,Brazil,32
25,Male,United States,25
26,Male,United Kingdom,30
27,Male,United States,49
28,Male,Poland,58
29,A different identity,Canada,23
30,Male,Denmark,29
31,Male,United States,50
32,Male,New Zealand,30
33,Male,Czech Republic,21
34,Male,Netherlands,26
35,Male,Chile,37
36,Male,Other,29
37,Female,Germany,24
38,Male,United States,31
39,Female,Germany,38
40,Male,United States,52
41,Male,Czech Republic,25
42,Female,United States,28
43,Male,United Kingdom,23
44,Male,Russia,34
45,Male,New Zealand,72
46,Male,Japan,48
47,Female,Mexico,37
48,Male,Russia,26
49,Male,Australia,38
50,Male,United States,22
51,Female,United States,25
52,Male,Other,28
53,Male,United States,32
54,Male,France,32
55,Male,United States,31
56,Male,Russia,22
57,Male,Other,37
58,Female,France,36
59,Female,United States,NA
60,NA,NA,NA
61,Male,Chile,30
62,Male,Colombia,25
63,Male,United States,37
64,Male,United States,27
65,Male,United States,30
66,A different identity,United States,37
67,Male,United States,29
68,Male,Italy,32
69,Male,Portugal,29
70,Female,United States,48
71,Male,United States,60
72,Male,United States,25
73,Male,Argentina,25
74,Male,United States,25
75,Male,India,40
76,Male,United States,24
77,Male,South Korea,34
78,Male,India,47
79,Male,United States,23
80,Male,Other,25
81,Male,People 's Republic of China,28
82,Male,Portugal,27
83,Male,People 's Republic of China,28
84,Male,Colombia,28
85,Male,Russia,30
86,Male,United States,31
87,Male,United States,21
88,Male,Brazil,49
89,Male,United States,33
90,Male,United States,28
91,Male,South Korea,53
92,Male,Canada,60
93,Female,United States,24
94,Male,United States,25
95,Male,United States,32
96,Female,United States,22
97,Male,Other,27
98,Male,Canada,37
99,Male,United States,32
100,Male,United States,41
101,Female,United States,57
102,Male,Other,30
103,Male,United States,20
104,Female,United States,32
105,Male,United States,37
106,Female,Belgium,28
107,Male,United States,29
108,Male,Colombia,30
109,Male,Hong Kong,28
110,Male,Taiwan,22
111,Male,Japan,55
112,Male,United States,38
113,Male,Vietnam,22
114,Male,United States,34
115,Male,United States,34
116,Male,Other,53
117,A different identity,United States,45
118,Male,Mexico,22
119,Male,Taiwan,26
120,Male,Brazil,32
121,Male,Japan,33
122,Female,United States,38
123,Female,United States,31
124,Male,United States,30
125,Male,Colombia,35
126,Male,People 's Republic of China,29
127,Male,Other,39
128,Female,Taiwan,40
129,Female,Australia,38
130,Male,Canada,57
131,Male,United States,65
132,Male,United States,21
133,Male,Singapore,35
134,Male,Japan,30
135,Male,People 's Republic of China,43
136,Male,South Korea,26
137,Female,United States,37
138,Male,Russia,44
139,Male,United States,37
140,Female,United States,18
141,Male,United States,25
142,Male,New Zealand,44
143,Female,United States,35
144,Male,United States,24
145,Male,United States,48
146,Male,Colombia,31
147,Male,India,35
148,Male,People 's Republic of China,29
149,Male,India,34
150,A different identity,United States,NA
151,Male,Taiwan,38
152,Male,Indonesia,48
153,Male,United States,24
154,Male,United States,35
155,Male,India,23
156,Female,India,26
157,Male,Canada,31
158,Male,Indonesia,26
159,Male,United States,25
160,Male,United States,30
161,Male,United States,35
162,Male,United States,38
163,Male,United States,29
164,Male,Chile,30
165,Female,United States,20
166,Male,United States,25
167,Male,United States,28
168,Male,Portugal,29
169,Male,United States,31
170,Male,Indonesia,23
171,Male,Philippines,33
172,Female,United States,50
173,Male,Singapore,34
174,Male,Other,36
175,Male,India,58
176,Male,Switzerland,44
177,Male,India,23
178,Male,Pakistan,36
179,Male,Colombia,29
180,"Non-binary, genderqueer, or gender non-conforming",United States,22
181,Male,United States,23
182,Male,United States,24
183,Female,United States,27
184,Male,Kenya,30
185,Male,Australia,38
186,Female,United States,40
187,Male,India,26
188,Male,Sweden,40
189,Male,United States,31
190,Male,Japan,33
191,Female,United States,37
192,Male,Nigeria,31
193,Male,South Korea,46
194,Male,Colombia,27
195,Female,India,28
196,Male,India,33
197,Male,United States,37
198,Male,Brazil,27
199,Female,India,43
200,Male,United States,43
201,Male,India,28
202,Male,India,25
203,Male,India,39
204,Male,United States,30
205,Male,India,25
206,Male,Brazil,30
207,Male,United States,30
208,Male,India,23
209,Male,Russia,28
210,Male,India,41
211,Male,United States,50
212,"Non-binary, genderqueer, or gender non-conforming",Philippines,28
213,Male,India,28
214,Female,India,28
215,Male,Iran,27
216,Male,United States,38
217,Male,Nigeria,37
218,Male,India,42
219,Male,Other,32
220,Male,United States,32
221,Male,Republic of China,26
222,Male,United States,34
223,Male,Taiwan,34
224,Male,Japan,30
225,Male,United States,25
226,Male,Singapore,33
227,Male,Denmark,46
228,Male,United States,48
229,Male,Israel,32
230,Female,India,26
231,Male,India,30
232,Male,South Africa,24
233,Male,India,42
234,Male,Singapore,28
235,Male,Czech Republic,24
236,"Non-binary, genderqueer, or gender non-conforming",United Kingdom,17
237,Male,People 's Republic of China,27
238,Male,United States,33
239,Male,Germany,39
240,Male,United States,33
241,Male,India,27
242,Male,Brazil,23
243,Male,United States,39
244,Male,Taiwan,54
245,Male,Australia,52
246,Male,Russia,21
247,Female,India,24
248,Male,South Africa,45
249,Male,Greece,26
250,Male,Singapore,27
251,Male,India,34
252,Female,Indonesia,22
253,Male,Netherlands,35
254,Male,Ukraine,25
255,Male,People 's Republic of China,23
256,Male,Other,22
257,Male,India,29
258,Male,United States,47
259,Female,Canada,30
260,Male,United States,50
261,Male,India,36
262,Female,South Korea,29
263,Male,India,21
264,Male,India,28
265,Male,India,25
266,Male,Netherlands,29
267,Male,India,23
268,Male,India,31
269,Male,Taiwan,26
270,Female,Indonesia,25
271,Male,India,21
272,Female,United States,27
273,Male,India,23
274,Male,Other,28
275,Male,Australia,40
276,Male,Other,39
277,Male,South Korea,27
278,Male,Other,25
279,Male,Russia,33
280,Male,Poland,35
281,Male,Netherlands,42
282,Male,United Kingdom,29
283,Male,Russia,33
284,Male,Italy,24
285,Male,Russia,22
286,Male,India,36
287,Female,India,27
288,Male,People 's Republic of China,26
289,Female,Romania,47
290,Male,India,29
291,Male,India,27
292,Male,Germany,31
293,Male,Italy,46
294,Male,Turkey,27
295,Male,India,29
296,Male,Spain,37
297,Male,South Africa,26
298,Male,Netherlands,25
299,Male,Japan,31
300,Male,United States,65
301,Male,India,28
302,Male,Indonesia,23
303,Male,Poland,26
304,Female,People 's Republic of China,28
305,Male,Russia,27
306,Male,Iran,31
307,Male,South Korea,48
308,Male,Taiwan,23
309,Male,Indonesia,34
310,Male,France,25
311,Male,Other,29
312,Male,Ireland,39
313,Male,France,55
314,Male,Germany,26
315,Male,Taiwan,21
316,Male,Israel,28
317,Male,Singapore,49
318,Male,Netherlands,23
319,Male,India,32
320,Male,Belgium,37
321,Male,Israel,35
322,Male,India,26
323,Male,Italy,53
324,Male,Spain,39
325,Male,Taiwan,24
326,Male,India,24
327,Male,Germany,47
328,Male,India,22
329,Male,Sweden,39
330,Male,Spain,35
331,Male,United States,39
332,Male,United States,24
333,Male,Belgium,32
334,Male,Russia,19
335,Male,India,40
336,Female,India,28
337,Male,India,55
338,Male,India,22
339,Male,India,28
340,Male,France,30
341,Female,India,35
342,Male,Iran,21
343,Male,Russia,29
344,Female,South Africa,25
345,Male,Republic of China,33
346,Male,Nigeria,28
347,Male,Denmark,40
348,Male,Germany,32
349,Male,France,27
350,Male,United Kingdom,38
351,Male,India,26
352,Male,Taiwan,40
353,Male,Other,45
354,Female,Other,31
355,Male,Germany,35
356,Male,Other,33
357,Male,Other,28
358,Male,Italy,26
359,Male,Germany,33
360,Male,People 's Republic of China,34
361,Male,Japan,29
362,Male,Taiwan,25
363,Male,Taiwan,27
364,Male,India,37
365,Male,Spain,46
366,Male,Italy,26
367,Male,Germany,27
368,Male,Ukraine,22
369,Male,Spain,42
370,Male,New Zealand,60
371,Female,France,48
372,Male,Greece,29
373,Male,France,35
374,Female,Russia,25
375,Female,India,38
376,Male,Finland,36
377,Male,Pakistan,21
378,Female,France,32
379,Female,United Kingdom,33
380,Male,Italy,36
381,Male,Pakistan,24
382,Male,People 's Republic of China,25
383,Male,Ukraine,33
384,Male,India,26
385,Male,Indonesia,33
386,Male,South Korea,32
387,Male,Germany,35
388,Male,Portugal,32
389,A different identity,South Africa,38
390,Male,Italy,35
391,Male,Israel,52
392,Male,Belgium,36
393,Male,Australia,62
394,Male,France,23
395,Female,Russia,21
396,Male,Switzerland,29
397,Male,Kenya,31
398,Male,South Korea,29
399,Male,Iran,30
400,Male,Russia,29
401,Male,Russia,26
402,Male,India,41
403,Female,France,35
404,Female,India,38
405,Male,Canada,42
406,Male,Norway,25
407,Male,India,28
408,Male,Czech Republic,32
409,A different identity,India,25
410,Male,Germany,31
411,Female,Poland,41
412,Male,India,27
413,Male,Italy,47
414,Male,Netherlands,48
415,Male,Australia,33
416,Male,France,30
417,Male,Russia,27
418,Male,Spain,33
419,Male,France,25
420,Male,Poland,29
421,Male,India,22
422,Female,Switzerland,31
423,Male,Denmark,34
424,Male,United Kingdom,34
425,Male,Ukraine,37
426,Female,Other,19
427,Female,Russia,21
428,Male,Portugal,33
429,Male,India,80
430,Male,Other,35
431,Male,France,30
432,Male,Spain,26
433,Male,United States,56
434,Male,Italy,27
435,Male,Singapore,40
436,Male,Greece,32
437,Female,Portugal,33
438,Male,Russia,28
439,Male,Hungary,42
440,Male,India,22
441,Male,Germany,69
442,Male,India,29
443,Male,Spain,55
444,Male,Poland,34
445,Male,India,44
446,Male,Poland,32
447,Male,Australia,28
448,Male,Nigeria,28
449,Male,Other,45
450,Male,Australia,23
451,Male,Ireland,43
452,Male,Czech Republic,26
453,Male,India,33
454,Male,Other,38
455,Male,Russia,70
456,Male,Russia,30
457,Male,Spain,38
458,Male,Other,27
459,Male,Ukraine,37
460,Male,Israel,28
461,Male,United Kingdom,26
462,Male,United Kingdom,49
463,Male,United Kingdom,31
464,Female,Ukraine,23
465,Female,Spain,24
466,Male,Hungary,20
467,Male,Italy,41
468,Male,Russia,23
469,Male,South Africa,32
470,Male,Other,27
471,Female,United Kingdom,30
472,Male,Russia,38
473,Male,United Kingdom,32
474,Male,Germany,34
475,Male,Italy,25
476,Female,Sweden,30
477,Male,Ukraine,31
478,Male,United States,58
479,Male,Other,38
480,Male,Other,30
481,Male,Nigeria,34
482,Male,France,25
483,Male,India,29
484,Male,Germany,31
485,Male,Ireland,35
486,Male,South Africa,46
487,Male,Germany,26
488,Male,Russia,52
489,Male,Canada,39
490,Female,India,23
491,Male,Poland,30
492,Male,Russia,45
493,Male,Ukraine,35
494,Male,Canada,55
495,Male,Germany,24
496,Male,India,30
497,Male,Other,48
498,Male,South Africa,31
499,Female,Germany,32
500,Male,Denmark,32
501,Male,Spain,NA
502,Male,People 's Republic of China,27
503,Male,Italy,27
504,Male,Spain,48
505,Male,Japan,38
506,Male,India,26
507,Female,Germany,26
508,Male,Taiwan,25
509,Male,Portugal,31
510,Male,Iran,27
511,Male,United Kingdom,69
512,Male,United States,40
513,Male,Other,26
514,Female,Nigeria,24
515,Female,Czech Republic,61
516,Male,Spain,29
517,Female,France,26
518,Male,Russia,27
519,Male,Brazil,37
520,Male,United Kingdom,25
521,Male,Russia,36
522,Female,India,37
523,Male,Netherlands,30
524,Male,United States,71
525,Male,Switzerland,28
526,Male,Taiwan,32
527,Male,United States,18
528,Female,Other,27
529,Male,Russia,21
530,Male,United States,32
531,Male,Brazil,37
532,Male,Other,45
533,Male,Germany,30
534,Male,Ukraine,36
535,Male,Other,25
536,Female,Switzerland,44
537,Male,Russia,20
538,Male,India,23
539,Male,Nigeria,30
540,Male,Russia,19
541,Male,United States,28
542,Male,Russia,23
543,Male,Germany,29
544,Male,France,29
545,Male,United States,45
546,Male,Spain,46
547,Male,Singapore,39
548,Male,Australia,38
549,Male,United Kingdom,38
550,Female,United States,31
551,Female,Finland,26
552,Male,Spain,39
553,Male,India,26
554,Male,Israel,63
555,Male,South Africa,31
556,Male,Other,18
557,Male,India,26
558,Female,Spain,29
559,Male,Australia,35
560,Male,United States,30
561,Male,Other,47
562,Male,Russia,20
563,Male,United States,32
564,Male,United States,68
565,Male,Poland,38
566,Male,United Kingdom,40
567,Male,Russia,31
568,Male,United States,22
569,Male,United States,44
570,Female,Denmark,28
571,Male,Russia,32
572,Male,Australia,37
573,Male,Japan,28
574,Male,Spain,57
575,Male,India,36
576,Male,United States,44
577,Male,Sweden,34
578,Male,United States,30
579,Male,Russia,33
580,Male,United States,28
581,Male,Argentina,32
582,Male,People 's Republic of China,30
583,Male,United Kingdom,35
584,Male,New Zealand,43
585,Male,Brazil,42
586,Male,Other,29
587,Male,Ukraine,29
588,Male,United States,42
589,Male,Australia,43
590,Male,Belarus,24
591,Male,Ukraine,22
592,Male,United States,30
593,Male,India,42
594,Male,United States,54
595,Male,Portugal,23
596,Male,United States,33
597,Male,United States,47
598,Male,Ukraine,26
599,Female,Russia,26
600,Male,Russia,26
601,Male,Japan,37
602,Male,United States,25
603,Male,Russia,25
604,Female,Switzerland,32
605,Male,India,32
606,Male,United States,29
607,Male,United States,24
608,Male,Brazil,30
609,Female,United States,19
610,Male,Mexico,26
611,Male,United States,27
612,Male,Spain,24
613,Male,Poland,42
614,Male,India,14
615,Female,Brazil,34
616,Male,India,22
617,Male,India,50
618,Male,United States,42
619,Male,United States,56
620,Male,Other,34
621,Male,Brazil,29
622,Male,Czech Republic,27
623,Female,United States,27
624,Male,South Africa,23
625,Male,Poland,50
626,Male,Brazil,66
627,Male,United States,24
628,Male,Brazil,35
629,Male,United States,27
630,NA,United States,38
631,Male,Belgium,24
632,Male,United States,37
633,Male,United States,35
634,Male,NA,40
635,Male,United States,55
636,Male,Canada,31
637,Male,Germany,41
638,Male,United States,35
639,Female,United States,33
640,Male,United States,69
641,Female,United States,30
642,Male,Australia,32
643,Male,Netherlands,48
644,Male,United States,55
645,Male,People 's Republic of China,30
646,Male,Other,48
647,Male,India,35
648,Male,United States,32
649,Male,Chile,29
650,Male,United States,29
651,Male,United Kingdom,27
652,Male,United States,25
653,Male,Canada,22
654,Male,United States,42
655,Male,People 's Republic of China,27
656,Male,Canada,36
657,Male,Russia,28
658,Male,India,35
659,Female,Taiwan,40
660,Male,United States,29
661,Male,South Korea,26
662,Male,Russia,60
663,Male,United States,30
664,Male,United States,34
665,Male,United States,35
666,Male,United Kingdom,31
667,Male,United States,47
668,Female,Italy,26
669,Male,United States,38
670,Female,Canada,36
671,Male,United States,67
672,Male,United States,33
673,Male,United States,47
674,Male,Germany,28
675,Male,Canada,32
676,Male,United States,23
677,Female,United States,25
678,Male,Japan,28
679,Male,Brazil,28
680,Male,United States,40
681,Male,Canada,34
682,Male,United States,40
683,Male,Belarus,33
684,Male,United States,32
685,Male,United States,25
686,A different identity,United States,61
687,Male,Netherlands,62
688,Female,United States,34
689,Male,Nigeria,32
690,Male,United States,62
691,Male,United States,52
692,Female,People 's Republic of China,NA
693,Male,United Kingdom,32
694,Male,United States,28
695,Male,Russia,24
696,Male,Canada,27
697,Male,Other,41
698,Male,United States,28
699,Male,Israel,26
700,Male,India,26
701,Male,United States,41
702,Male,United States,40
703,Male,India,22
704,Male,United States,68
705,Male,United States,68
706,Male,Other,38
707,Male,Canada,29
708,Female,Switzerland,28
709,Male,United States,41
710,Male,United States,27
711,Male,United States,47
712,Male,United States,62
713,Female,Chile,26
714,Male,Canada,27
715,Female,United States,34
716,Male,United States,35
717,Male,United States,26
718,Male,United States,59
719,Male,Other,33
720,Male,United States,36
721,Male,Other,46
722,Male,United States,25
723,Male,United States,41
724,Male,Germany,25
725,Female,United States,45
726,Female,Brazil,51
727,Male,Canada,28
728,Male,South Africa,24
729,Male,Brazil,36
730,Male,Canada,39
731,Male,Argentina,37
732,Male,Brazil,36
733,Male,United States,23
734,Male,United Kingdom,41
735,Female,United States,42
736,Male,India,22
737,Male,Italy,42
738,Male,Portugal,44
739,Male,Argentina,37
740,Male,United States,30
741,Male,Other,29
742,Male,United States,44
743,Male,United States,62
744,Male,United States,46
745,Male,Canada,34
746,A different identity,United States,68
747,Male,United States,31
748,Male,United States,17
749,Male,United States,26
750,Male,United States,34
751,Male,Germany,35
752,Male,Nigeria,32
753,Male,United States,70
754,Male,United States,28
755,Male,Brazil,40
756,Male,United States,35
757,Male,United States,28
758,Male,United States,55
759,Male,Egypt,34
760,Male,Colombia,28
761,Male,United States,29
762,Male,Colombia,30
763,Female,United States,23
764,Male,United States,59
765,Male,Italy,44
766,Male,United States,40
767,Male,Argentina,42
768,Male,United States,25
769,Male,United States,39
770,Male,Brazil,27
771,Male,Taiwan,28
772,Male,Germany,46
773,Male,United States,59
774,Male,NA,NA
775,Male,Other,26
776,Male,United States,44
777,Male,United States,50
778,Male,Netherlands,38
779,Female,United States,28
780,Male,United States,30
781,Male,Canada,35
782,Male,United States,24
783,Female,Portugal,42
784,Male,United States,67
785,Female,Other,31
786,Female,United States,29
787,Male,United Kingdom,29
788,Male,United States,35
789,Male,Other,24
790,Male,Other,33
791,Male,United States,45
792,Female,United States,40
793,A different identity,France,40
794,Male,Other,31
795,Female,United States,31
796,Male,United States,39
797,Male,Belgium,38
798,Male,Belarus,38
799,Male,Brazil,33
800,Male,Netherlands,60
801,Female,United States,23
802,Female,United States,48
803,Male,Mexico,52
804,Male,United States,27
805,Male,Other,28
806,Male,Other,50
807,Male,United States,45
808,Female,United States,32
809,Male,Argentina,24
810,Male,Russia,29
811,Male,Canada,31
812,Male,United States,61
813,Male,United States,33
814,Male,United States,48
815,Male,United States,32
816,Male,United States,65
817,Male,Japan,28
818,Male,United States,23
819,Male,United States,53
820,Male,Other,45
821,Male,United States,36
822,Female,Russia,29
823,Male,Spain,38
824,Male,India,31
825,Male,Germany,33
826,Male,Brazil,27
827,Male,United States,24
828,Male,Mexico,38
829,Male,United States,35
830,Male,Israel,46
831,Male,Poland,22
832,Female,United States,23
833,Male,India,32
834,Male,Other,28
835,Male,United States,32
836,Male,New Zealand,39
837,Male,United States,30
838,Male,Colombia,27
839,Male,United States,38
840,Male,United States,56
841,Male,United States,33
842,Male,United States,50
843,Male,United States,33
844,Male,United States,31
845,Male,United States,36
846,Male,Mexico,28
847,Male,Switzerland,42
848,Male,United States,51
849,Male,United States,28
850,Male,United States,46
851,Male,Canada,29
852,Male,Pakistan,24
853,Male,Spain,39
854,Male,Canada,28
855,Male,United States,31
856,Male,United States,32
857,Male,India,27
858,Male,Brazil,38
859,Female,United States,56
860,Male,United States,72
861,Male,United Kingdom,21
862,Male,United States,40
863,Male,United States,32
864,Male,United States,31
865,Male,United States,33
866,Male,United States,18
867,Male,Germany,25
868,Male,Canada,41
869,Male,United Kingdom,47
870,Male,India,24
871,Male,United Kingdom,32
872,Male,United States,61
873,Male,Brazil,25
874,Male,India,28
875,Male,Canada,26
876,Male,Canada,26
877,Male,United States,27
878,Male,United States,33
879,Male,United States,54
880,Male,United States,22
881,Male,United States,52
882,Female,Chile,32
883,Male,United States,58
884,Male,United States,61
885,Male,United Kingdom,41
886,Male,United States,1
887,Male,Argentina,32
888,Male,Denmark,56
889,Male,United States,22
890,Female,Colombia,26
891,Male,United Kingdom,28
892,Male,Poland,36
893,Male,United States,40
894,Female,Egypt,25
895,Female,Brazil,28
896,Female,United States,53
897,Male,United Kingdom,44
898,Male,Spain,50
899,Male,Canada,50
900,Female,United States,54
901,Male,Chile,33
902,Male,United States,25
903,Male,Japan,40
904,Male,United States,32
905,Male,India,39
906,Male,People 's Republic of China,24
907,Male,People 's Republic of China,28
908,Male,United States,50
909,Male,United States,26
910,Male,Brazil,39
911,Male,People 's Republic of China,30
912,Female,Australia,21
913,Male,People 's Republic of China,27
914,Male,South Korea,45
915,Male,United States,0
916,Male,South Korea,47
917,Male,Australia,34
918,Female,Vietnam,31
919,Female,United States,27
920,Female,Colombia,26
921,Male,Brazil,32
922,Male,Mexico,29
923,Female,United States,26
924,Male,Mexico,38
925,Male,Spain,40
926,Male,Hong Kong,59
927,Female,Vietnam,25
928,Male,United States,60
929,Male,United States,45
930,Male,Malaysia,50
931,Male,United States,29
932,Male,India,25
933,Female,People 's Republic of China,29
934,Male,India,35
935,Female,United States,51
936,Male,Turkey,38
937,Male,India,25
938,Male,United States,38
939,Male,People 's Republic of China,30
940,Male,Australia,43
941,Male,Japan,38
942,Male,People 's Republic of China,22
943,Male,India,21
944,Male,Iran,26
945,Male,Germany,28
946,Male,United Kingdom,39
947,Male,Other,28
948,Male,Ukraine,21
949,Female,Belarus,24
950,Male,United Kingdom,50
951,Male,Israel,79
952,Male,France,27
953,NA,NA,NA
954,Female,Taiwan,23
955,Male,NA,NA
956,Female,Finland,40
957,Male,United Kingdom,51
958,Male,Ukraine,34
959,Male,Other,32
960,Female,Greece,30
961,Male,Italy,34
962,A different identity,United Kingdom,100
963,Male,Germany,34
964,Male,Germany,51
965,Male,United States,29
966,Female,India,35
967,Male,United States,29
968,Male,United States,29
969,Male,Ukraine,21
970,Male,United States,31
971,Male,Canada,43
972,Male,Spain,26
973,Male,Russia,33
974,Male,Brazil,34
975,Male,United States,32
976,Female,Nigeria,26
977,Male,Germany,49
978,Male,Other,23
979,Male,Other,26
980,A different identity,United States,48
981,Male,France,49
982,Male,United Kingdom,25
983,Male,United States,26
984,Male,United States,34
985,Male,United States,52
986,Female,United States,41
987,Male,Spain,41
988,Male,India,29
989,Male,United States,40
990,Male,United Kingdom,30
991,Male,United States,38
992,Male,United States,25
993,Male,United States,34
994,Male,Russia,60
995,Male,Ukraine,37
996,Male,United Kingdom,27
997,Male,United States,31
998,Male,United States,40
999,Male,Mexico,70
1000,Male,Russia,30
1001,Male,Brazil,48
1002,Male,United States,67
1003,Male,Other,35
1004,Female,Portugal,49
1005,Male,Germany,23
1006,Female,United States,37
1007,Female,United States,34
1008,Male,United States,49
1009,Male,United States,28
1010,Male,Taiwan,28
1011,Male,Russia,19
1012,Male,India,32
1013,Male,Iran,38
1014,Male,United States,35
1015,Male,Turkey,32
1016,Male,Japan,24
1017,Female,India,36
1018,Male,Italy,26
1019,Female,India,21
1020,Female,India,32
1021,Male,Italy,46
1022,Male,Germany,55
1023,Male,India,35
1024,Male,India,41
1025,Male,Ukraine,23
1026,Female,Hungary,26
1027,Female,United States,30
1028,Female,United States,NA
1029,Male,Ukraine,24
1030,Male,France,34
1031,Male,Mexico,36
1032,Female,United States,54
1033,Female,Russia,27
1034,Male,United States,29
1035,Male,Brazil,44
1036,Male,Other,39
1037,Female,United States,48
1038,Male,Brazil,35
1039,A different identity,Nigeria,20
1040,Male,Brazil,34
1041,Male,France,23
1042,Male,Indonesia,35
1043,Female,Spain,34
1044,Male,Australia,27
1045,Male,Hungary,25
1046,Male,United States,45
1047,Male,Romania,45
1048,Male,Denmark,34
1049,Male,Russia,26
1050,Female,Germany,29
1051,Female,Russia,32
1052,Male,Germany,38
1053,Female,Japan,31
1054,Male,Germany,33
1055,Male,Ireland,36
1056,Male,Singapore,36
1057,Male,Republic of China,31
1058,Male,United States,39
1059,Male,Italy,63
1060,Male,Nigeria,24
1061,Male,Taiwan,34
1062,Female,People 's Republic of China,26
1063,Male,United States,31
1064,Male,Finland,30
1065,Male,United States,23
1066,Male,Other,39
1067,NA,NA,NA
1068,Male,Philippines,45
1069,Male,United States,34
1070,Male,Czech Republic,57
1071,Male,Belgium,35
1072,Male,Ukraine,37
1073,Male,France,26
1074,Male,Australia,32
1075,Female,United States,27
1076,Male,Switzerland,55
1077,Male,Russia,46
1078,Female,Germany,30
1079,Male,Germany,26
1080,Male,Other,34
1081,Male,France,65
1082,Male,India,32
1083,Male,Czech Republic,35
1084,Male,Taiwan,28
1085,Female,South Africa,28
1086,Female,Sweden,30
1087,Male,United Kingdom,45
1088,Female,Australia,32
1089,Female,India,41
1090,Male,People 's Republic of China,30
1091,Female,United States,24
1092,Male,Brazil,45
1093,Female,Other,24
1094,Male,South Africa,33
1095,Female,United States,24
1096,Male,Germany,24
1097,Male,Canada,39
1098,Female,Russia,22
1099,Male,Brazil,29
1100,Female,United States,24
1101,Female,United States,53
1102,Male,Spain,47
1103,Male,United States,31
1104,A different identity,Canada,30
1105,Male,United States,31
1106,Male,Mexico,32
1107,Female,People 's Republic of China,21
1108,Male,United States,22
1109,Female,Japan,33
1110,Male,Australia,44
1111,Female,New Zealand,61
1112,Male,Germany,34
1113,Male,Other,24
1114,Male,Australia,37
1115,Female,Philippines,37
1116,Male,Sweden,41
1117,Male,Egypt,32
1118,Male,United Kingdom,28
1119,Male,Denmark,34
1120,"Non-binary, genderqueer, or gender non-conforming",Norway,33
1121,Male,South Africa,36
1122,Male,Brazil,27
1123,Male,United States,45
1124,Male,India,34
1125,Male,Mexico,42
1126,Male,United States,52
1127,Male,United States,22
1128,Female,Nigeria,43
1129,Male,Turkey,25
1130,Female,Argentina,33
1131,Male,Taiwan,34
1132,Male,India,21
1133,Male,India,48
1134,Male,Poland,32
1135,Male,France,43
1136,Male,Ukraine,35
1137,Male,India,34
1138,Male,Italy,26
1139,Male,India,27
1140,Male,Brazil,36
1141,Male,United States,25
1142,Male,Other,35
1143,Male,France,37
1144,Male,United States,25
1145,Male,Colombia,40
1146,Female,Hong Kong,24
1147,Male,France,56
1148,Male,United States,41
1149,Male,Argentina,37
1150,Male,United States,39
1151,Male,Brazil,37
1152,Female,France,32
1153,Male,Mexico,66
1154,Male,United Kingdom,52
1155,Male,Nigeria,36
1156,"Non-binary, genderqueer, or gender non-conforming",Belgium,26
1157,Male,NA,NA
1158,Male,Sweden,41
1159,A different identity,Spain,29
1160,A different identity,Other,34
1161,Male,United States,21
1162,Male,South Korea,24
1163,Male,Canada,28
1164,Female,Canada,26
1165,Female,United States,29
1166,Male,United States,31
1167,A different identity,United States,22
1168,Female,People 's Republic of China,30
1169,Male,United States,40
1170,Male,Singapore,42
1171,Male,People 's Republic of China,29
1172,Male,People 's Republic of China,22
1173,Male,Chile,26
1174,Male,United States,32
1175,Male,Other,39
1176,Male,South Korea,42
1177,Male,Norway,30
1178,Male,Portugal,54
1179,Male,United States,31
1180,Male,South Korea,41
1181,Male,Poland,32
1182,"Non-binary, genderqueer, or gender non-conforming",United States,27
1183,Male,United States,24
1184,Female,India,38
1185,Male,Argentina,42
1186,Male,Poland,24
1187,Male,Brazil,23
1188,Male,Brazil,39
1189,Male,Other,33
1190,Male,Republic of China,26
1191,Male,United States,69
1192,Female,India,30
1193,Male,Japan,51
1194,Male,Canada,45
1195,Male,United States,NA
1196,Male,United States,30
1197,Male,Canada,25
1198,Male,Australia,27
1199,Male,Germany,NA
1200,Male,India,29
1201,"Non-binary, genderqueer, or gender non-conforming",Australia,50
1202,Male,Philippines,20
1203,Female,United States,24
1204,Male,United States,39
1205,Male,United States,50
1206,Male,United States,29
1207,Female,United States,29
1208,Male,Canada,27
1209,Male,People 's Republic of China,25
1210,Male,Taiwan,42
1211,Male,United States,52
1212,Male,Australia,27
1213,Male,Indonesia,24
1214,Male,United States,32
1215,Male,Other,50
1216,Male,United States,20
1217,Male,People 's Republic of China,24
1218,Male,People 's Republic of China,23
1219,Male,Ukraine,22
1220,Male,Taiwan,36
1221,Male,People 's Republic of China,27
1222,Male,NA,67
1223,Male,United Kingdom,22
1224,Male,Brazil,19
1225,Male,Taiwan,26
1226,Male,Australia,63
1227,Male,People 's Republic of China,25
1228,Male,People 's Republic of China,33
1229,Male,Germany,30
1230,Male,South Korea,30
1231,Male,People 's Republic of China,54
1232,Male,India,23
1233,Male,Chile,26
1234,Male,India,23
1235,Male,United States,40
1236,Male,United States,52
1237,Male,United States,25
1238,Male,Australia,23
1239,Male,Argentina,43
1240,Male,Philippines,30
1241,Male,United States,24
1242,Male,Australia,37
1243,Male,Australia,34
1244,Male,United States,33
1245,Male,India,32
1246,Male,Japan,27
1247,Male,Taiwan,48
1248,Male,Other,31
1249,Female,United States,28
1250,Male,India,36
1251,Male,People 's Republic of China,21
1252,Male,Indonesia,37
1253,Male,Singapore,35
1254,Male,Japan,44
1255,Male,Colombia,23
1256,Female,United States,28
1257,Male,South Korea,43
1258,Male,Pakistan,28
1259,Male,Japan,25
1260,Male,Vietnam,24
1261,Male,United States,33
1262,Female,United States,45
1263,Male,Chile,33
1264,Male,United States,30
1265,Male,India,26
1266,Male,United States,35
1267,Male,United States,32
1268,Male,United States,28
1269,Male,United States,22
1270,Male,Other,44
1271,Male,Taiwan,29
1272,Male,Vietnam,21
1273,Male,People 's Republic of China,34
1274,Male,Australia,30
1275,Female,Indonesia,25
1276,Female,Brazil,22
1277,Female,Pakistan,25
1278,Male,Other,46
1279,Male,India,39
1280,Male,United States,31
1281,Male,India,35
1282,Male,India,21
1283,Male,South Korea,25
1284,Male,India,27
1285,Male,United States,50
1286,Male,Singapore,24
1287,Female,Hungary,38
1288,Male,India,27
1289,Male,Vietnam,38
1290,Male,India,25
1291,Male,United States,31
1292,Female,United States,28
1293,Male,United States,54
1294,Female,United States,39
1295,Female,India,37
1296,Male,Mexico,30
1297,Male,People 's Republic of China,25
1298,Male,Other,72
1299,Male,Russia,27
1300,Male,India,24
1301,Male,India,31
1302,Male,Chile,30
1303,Male,Vietnam,34
1304,Male,India,25
1305,Male,Australia,29
1306,Male,Singapore,26
1307,Female,United States,36
1308,Male,India,32
1309,Female,Australia,34
1310,Male,India,27
1311,Male,Iran,29
1312,Male,Ukraine,26
1313,Male,Australia,27
1314,Male,Japan,29
1315,Male,India,55
1316,Female,India,22
1317,Male,Canada,39
1318,Male,Canada,25
1319,Male,Nigeria,33
1320,Male,Colombia,45
1321,Male,Australia,28
1322,Male,India,32
1323,Male,Germany,22
1324,Male,United States,32
1325,Male,Switzerland,26
1326,Male,Other,26
1327,Male,India,24
1328,Male,Taiwan,37
1329,Male,People 's Republic of China,26
1330,Male,Japan,37
1331,Male,Belgium,46
1332,Male,Israel,34
1333,Male,Germany,47
1334,Male,Singapore,NA
1335,Female,Other,32
1336,Male,Israel,35
1337,Male,Taiwan,45
1338,Male,India,24
1339,Male,United States,25
1340,Male,Italy,55
1341,Male,Australia,51
1342,Male,Netherlands,34
1343,Male,Norway,31
1344,Male,Other,24
1345,Male,Germany,33
1346,Male,Taiwan,24
1347,Male,United States,24
1348,Male,United States,39
1349,Female,Russia,26
1350,Male,India,40
1351,Male,India,27
1352,Male,Turkey,39
1353,Male,India,25
1354,Male,People 's Republic of China,25
1355,Male,Spain,39
1356,Male,United States,30
1357,Male,Russia,41
1358,Male,Australia,38
1359,Female,United Kingdom,43
1360,Male,Germany,44
1361,Female,United States,29
1362,A different identity,Russia,37
1363,Male,United States,31
1364,Female,Belgium,28
1365,Male,Greece,41
1366,Female,Germany,26
1367,Male,Italy,36
1368,Female,India,23
1369,Male,Turkey,38
1370,A different identity,India,35
1371,Male,Belgium,22
1372,Male,Norway,37
1373,Male,Japan,28
1374,Male,United States,27
1375,Male,Indonesia,24
1376,Male,India,32
1377,Male,People 's Republic of China,28
1378,Male,Italy,48
1379,Male,United States,28
1380,Male,Israel,41
1381,Male,Israel,30
1382,Male,United States,34
1383,Male,Russia,23
1384,Male,France,32
1385,Male,Ukraine,24
1386,Male,Belgium,37
1387,Male,Netherlands,33
1388,Female,France,33
1389,Female,France,28
1390,Male,Denmark,39
1391,Female,Turkey,28
1392,Female,Pakistan,25
1393,Male,India,21
1394,Male,Russia,26
1395,Male,Brazil,26
1396,Male,Spain,25
1397,Male,Other,49
1398,Male,Germany,29
1399,Female,Italy,26
1400,Male,Pakistan,25
1401,Male,Turkey,62
1402,Male,Germany,44
1403,Male,Switzerland,34
1404,Male,France,34
1405,Male,Taiwan,28
1406,Male,Denmark,37
1407,Male,Japan,NA
1408,Male,Taiwan,24
1409,Male,Pakistan,33
1410,Male,Sweden,46
1411,Male,Denmark,33
1412,Male,Belgium,26
1413,Male,Singapore,39
1414,Male,Turkey,33
1415,Male,United States,39
1416,Female,India,28
1417,Male,Other,39
1418,Male,Belgium,30
1419,Male,South Korea,38
1420,Male,Belgium,31
1421,Male,Japan,27
1422,Male,Japan,30
1423,Female,India,23
1424,Male,Spain,45
1425,Male,Kenya,29
1426,Female,Norway,28
1427,Male,Romania,32
1428,Male,United Kingdom,41
1429,Male,Malaysia,38
1430,Male,India,34
1431,Male,Poland,27
1432,Male,United States,30
1433,Female,Indonesia,24
1434,Male,Germany,30
1435,Male,India,35
1436,Male,France,37
1437,Male,Russia,22
1438,Male,India,24
1439,Male,New Zealand,34
1440,Male,United Kingdom,26
1441,Male,Germany,29
1442,Male,Russia,34
1443,Male,India,35
1444,Male,United Kingdom,23
1445,Male,Russia,45
1446,Female,India,24
1447,Male,Australia,33
1448,Female,Spain,61
1449,Male,United Kingdom,26
1450,Female,Vietnam,23
1451,Male,Netherlands,69
1452,Male,Russia,22
1453,Male,Germany,26
1454,Male,Norway,40
1455,Male,People 's Republic of China,27
1456,Male,Other,44
1457,Female,France,38
1458,Male,India,33
1459,Male,Australia,28
1460,Male,France,26
1461,Male,Turkey,27
1462,Male,Israel,42
1463,Male,France,23
1464,Female,Sweden,53
1465,Male,Taiwan,29
1466,Female,Belarus,29
1467,Female,New Zealand,30
1468,Male,Other,34
1469,Male,Italy,35
1470,A different identity,Russia,26
1471,Male,United Kingdom,44
1472,Female,South Africa,37
1473,Male,France,35
1474,Male,India,23
1475,Male,Poland,30
1476,Male,Spain,42
1477,Male,India,27
1478,Male,United Kingdom,26
1479,NA,NA,NA
1480,Male,Other,29
1481,Male,Russia,23
1482,Male,Russia,23
1483,Male,Brazil,38
1484,Male,Kenya,21
1485,Male,Sweden,34
1486,Male,Other,25
1487,Male,United States,57
1488,Male,India,23
1489,Male,Ukraine,21
1490,Female,Republic of China,24
1491,Male,Kenya,34
1492,Male,Israel,37
1493,Male,Poland,22
1494,Male,Australia,39
1495,Female,Japan,37
1496,Male,Italy,48
1497,Male,Turkey,31
1498,Male,Russia,21
1499,Male,Poland,29
1500,Male,India,41
1501,Male,Vietnam,30
1502,Male,India,40
1503,Male,People 's Republic of China,32
1504,Male,France,25
1505,Female,Philippines,28
1506,Male,Other,26
1507,Male,United States,24
1508,Male,France,27
1509,Male,Switzerland,33
1510,Female,Romania,25
1511,Male,Hong Kong,NA
1512,Male,Taiwan,20
1513,Male,India,26
1514,Male,Taiwan,47
1515,Male,France,26
1516,Male,Israel,27
1517,Male,Russia,35
1518,Male,India,25
1519,Male,France,28
1520,Male,United Kingdom,32
1521,Female,Spain,24
1522,Male,South Africa,36
1523,Male,Australia,45
1524,Male,Iran,30
1525,Male,Germany,44
1526,Male,Netherlands,52
1527,Male,United Kingdom,NA
1528,Male,Indonesia,21
1529,Male,France,24
1530,Male,Spain,54
1531,Male,India,23
1532,Male,Spain,39
1533,Male,France,35
1534,Male,Russia,24
1535,Male,Russia,25
1536,Male,Denmark,34
1537,Male,India,25
1538,Male,Netherlands,34
1539,Male,Iran,23
1540,Male,South Africa,27
1541,Male,Russia,21
1542,Male,Republic of China,26
1543,Male,India,34
1544,Male,United States,41
1545,Male,Other,44
1546,Male,Other,26
1547,Male,India,23
1548,Male,Japan,27
1549,Male,India,26
1550,Male,Ukraine,28
1551,Female,Turkey,24
1552,Female,Switzerland,30
1553,Male,India,27
1554,Female,Netherlands,34
1555,Male,Ukraine,23
1556,Male,Italy,25
1557,Male,People 's Republic of China,42
1558,Female,Ukraine,32
1559,Male,India,23
1560,Male,NA,25
1561,Female,Spain,51
1562,Male,Spain,37
1563,Female,India,30
1564,Male,India,24
1565,Female,Japan,33
1566,Female,Switzerland,33
1567,Male,Indonesia,28
1568,Female,United States,28
1569,Male,Portugal,42
1570,Male,Spain,50
1571,Male,India,31
1572,Male,Netherlands,50
1573,Male,Other,24
1574,Male,Russia,23
1575,Female,India,40
1576,Male,India,24
1577,Male,Russia,50
1578,Male,Nigeria,33
1579,Male,Russia,25
1580,Female,Japan,33
1581,Male,Nigeria,29
1582,Male,South Korea,39
1583,Male,Netherlands,46
1584,Male,Poland,35
1585,Male,India,25
1586,Male,India,30
1587,Male,India,21
1588,Male,United Kingdom,27
1589,Male,Russia,41
1590,Male,India,32
1591,Male,Russia,31
1592,Male,Italy,42
1593,Male,Other,28
1594,Male,India,27
1595,Male,Other,50
1596,Male,Germany,29
1597,Male,People 's Republic of China,27
1598,Male,Ukraine,25
1599,Male,India,42
1600,Male,India,23
1601,Male,Spain,37
1602,Male,India,NA
1603,Male,United States,48
1604,Female,Philippines,42
1605,Male,India,30
1606,Male,Japan,32
1607,Male,Ukraine,25
1608,Male,India,22
1609,Male,France,33
1610,Male,Finland,29
1611,Male,Germany,29
1612,Male,Nigeria,42
1613,Male,Singapore,37
1614,Male,Russia,27
1615,Male,Poland,29
1616,Male,Russia,50
1617,Male,Iran,35
1618,Male,Hong Kong,NA
1619,Male,Taiwan,53
1620,Female,India,23
1621,Male,Denmark,26
1622,Female,India,48
1623,Male,United States,26
1624,Male,Russia,21
1625,Male,People 's Republic of China,23
1626,Male,Japan,54
1627,Male,People 's Republic of China,23
1628,Male,Other,29
1629,Male,Taiwan,35
1630,Male,India,40
1631,Male,Belarus,22
1632,Male,Russia,30
1633,Male,Belgium,30
1634,Male,Russia,35
1635,Male,France,26
1636,Male,India,33
1637,Male,Ukraine,28
1638,Female,Japan,25
1639,"Non-binary, genderqueer, or gender non-conforming",United States,33
1640,Male,Germany,28
1641,Male,Poland,29
1642,Male,Germany,26
1643,Male,People 's Republic of China,28
1644,Male,Greece,45
1645,Male,Australia,35
1646,Female,United States,27
1647,Male,Other,51
1648,Male,Switzerland,40
1649,Female,India,23
1650,Male,Germany,40
1651,Female,United States,41
1652,Male,United States,40
1653,Female,Vietnam,25
1654,Male,United Kingdom,31
1655,Male,Germany,42
1656,Male,Germany,53
1657,Male,Mexico,26
1658,Male,Germany,37
1659,Male,France,27
1660,"Non-binary, genderqueer, or gender non-conforming",India,25
1661,Male,Italy,31
1662,Male,United States,33
1663,Male,United States,45
1664,Male,United States,52
1665,Male,Other,41
1666,Male,Russia,43
1667,Male,Greece,45
1668,Male,India,29
1669,Male,Spain,32
1670,Male,Japan,22
1671,Male,United Kingdom,73
1672,Male,United States,51
1673,Female,India,30
1674,Male,Spain,54
1675,Male,South Korea,27
1676,Female,Germany,36
1677,Male,Indonesia,41
1678,Male,South Korea,41
1679,Male,Hong Kong,33
1680,Male,Other,31
1681,Male,Ireland,29
1682,Male,Spain,41
1683,Male,Russia,38
1684,Male,Norway,40
1685,Male,Australia,39
1686,Male,United States,42
1687,Male,India,24
1688,Male,Brazil,52
1689,Female,India,50
1690,Male,Brazil,34
1691,Male,Poland,28
1692,Male,United Kingdom,37
1693,Male,Canada,25
1694,Male,Sweden,29
1695,Male,Brazil,25
1696,Male,Belgium,37
1697,Male,Russia,24
1698,Male,Turkey,31
1699,Female,Germany,25
1700,Male,Switzerland,25
1701,Male,Germany,48
1702,Male,United States,24
1703,Female,India,27
1704,Male,India,23
1705,Male,Other,39
1706,Female,Australia,45
1707,Male,Switzerland,45
1708,Male,Pakistan,37
1709,Male,Other,39
1710,Male,Hungary,28
1711,Male,Japan,50
1712,Male,Germany,28
1713,Male,United States,63
1714,Male,United States,22
1715,Male,France,27
1716,Female,Other,19
1717,Male,Romania,38
1718,Male,Argentina,28
1719,Male,India,24
1720,Male,India,43
1721,Male,South Korea,29
1722,Male,Brazil,48
1723,Male,United States,28
1724,Male,United States,42
1725,Female,United States,29
1726,Male,Poland,28
1727,Female,Australia,34
1728,Female,South Korea,40
1729,Male,Russia,32
1730,Male,France,25
1731,Female,Turkey,31
1732,Male,United States,38
1733,Male,United States,27
1734,Male,India,27
1735,Male,Ukraine,33
1736,Male,India,32
1737,Female,Hungary,44
1738,Male,India,25
1739,Female,Turkey,NA
1740,Male,Argentina,49
1741,Male,India,30
1742,Male,Other,24
1743,Male,Taiwan,51
1744,Male,United States,61
1745,Male,Other,34
1746,Male,United States,30
1747,Male,United States,25
1748,Male,People 's Republic of China,30
1749,Male,United States,64
1750,Male,Malaysia,36
1751,Male,Taiwan,43
1752,Male,Italy,27
1753,Male,Italy,43
1754,Male,France,25
1755,Male,Iran,33
1756,Male,Russia,33
1757,Male,United States,27
1758,Male,United States,44
1759,Male,United States,35
1760,Female,United States,38
1761,Female,Canada,32
1762,Male,Argentina,37
1763,Male,United States,29
1764,Male,United States,31
1765,Male,Czech Republic,36
1766,Male,Finland,28
1767,Male,Ireland,35
1768,Male,India,27
1769,Female,India,25
1770,Female,United Kingdom,42
1771,Female,United States,27
1772,Female,Italy,42
1773,Male,Australia,44
1774,Male,Czech Republic,37
1775,Male,Canada,22
1776,Male,France,25
1777,Male,United States,31
1778,Male,Hungary,22
1779,Female,United States,32
1780,Female,Italy,29
1781,Male,United Kingdom,31
1782,Male,United States,30
1783,Male,France,41
1784,Male,India,22
1785,Male,India,28
1786,Male,Switzerland,31
1787,Male,Italy,28
1788,Male,India,52
1789,Male,Australia,37
1790,Male,France,47
1791,Female,India,24
1792,Male,Japan,34
1793,Male,Germany,31
1794,Male,People 's Republic of China,35
1795,Male,Brazil,38
1796,Male,Pakistan,30
1797,Male,Ireland,35
1798,Female,Other,39
1799,Male,United States,29
1800,Male,United States,27
1801,Male,Brazil,21
1802,Male,United Kingdom,NA
1803,Male,United States,49
1804,Male,Iran,23
1805,Male,Other,68
1806,Male,France,54
1807,Male,Canada,29
1808,Male,Canada,38
1809,Male,India,34
1810,Female,United States,NA
1811,Male,Other,40
1812,Male,Turkey,47
1813,Male,United States,47
1814,Female,South Africa,26
1815,Female,France,30
1816,Male,United States,31
1817,Male,United States,40
1818,Male,United States,36
1819,Male,United States,34
1820,Male,Japan,34
1821,Male,Finland,27
1822,Male,United States,27
1823,Male,United States,27
1824,Male,Other,43
1825,Female,United States,30
1826,Male,United States,54
1827,Male,France,40
1828,Male,Netherlands,47
1829,Male,United States,36
1830,Male,Germany,40
1831,Male,Canada,35
1832,Male,Australia,60
1833,Male,Other,38
1834,Male,United States,44
1835,Male,Mexico,22
1836,Male,United States,38
1837,Male,India,21
1838,Male,United States,43
1839,Male,Other,32
1840,Male,United Kingdom,49
1841,Male,Japan,31
1842,Male,India,35
1843,Male,Russia,24
1844,Male,South Africa,38
1845,Female,France,27
1846,Male,Colombia,29
1847,A different identity,United States,45
1848,Male,United States,37
1849,Male,Russia,30
1850,Male,Turkey,28
1851,Male,Spain,44
1852,Male,Spain,24
1853,Male,South Africa,46
1854,Male,Malaysia,45
1855,Male,United States,31
1856,Male,United States,49
1857,Male,Other,37
1858,Male,United Kingdom,29
1859,Male,Other,42
1860,Male,United States,37
1861,Male,France,30
1862,Female,United States,42
1863,Female,Portugal,32
1864,Male,Brazil,35
1865,Male,United States,53
1866,Male,Netherlands,57
1867,Male,Canada,36
1868,Male,India,42
1869,A different identity,Argentina,33
1870,Male,Brazil,30
1871,Female,Other,23
1872,Male,United Kingdom,55
1873,Male,United States,26
1874,Male,United States,33
1875,Male,NA,63
1876,Female,Switzerland,53
1877,Male,Ukraine,31
1878,Male,Other,42
1879,Male,South Africa,34
1880,Male,Canada,32
1881,Male,United States,24
1882,Male,United States,41
1883,Male,Egypt,35
1884,Male,Netherlands,35
1885,Male,South Korea,38
1886,Male,Taiwan,26
1887,Male,Mexico,45
1888,Female,Switzerland,33
1889,Male,Other,24
1890,Female,Brazil,34
1891,Male,United States,27
1892,Male,United States,28
1893,Male,United States,66
1894,Male,United States,25
1895,Male,United States,57
1896,Male,Ireland,45
1897,Male,India,32
1898,Male,Spain,39
1899,Male,United States,36
1900,Male,Other,32
1901,Male,United States,27
1902,Male,Germany,53
1903,Female,South Korea,28
1904,Female,Italy,57
1905,Male,United States,29
1906,Male,United States,29
1907,Male,United States,29
1908,Male,Brazil,40
1909,Male,United States,43
1910,Male,India,25
1911,Male,United States,60
1912,Female,United States,30
1913,Male,Colombia,62
1914,Male,People 's Republic of China,30
1915,Male,People 's Republic of China,41
1916,Male,United States,34
1917,Male,Russia,32
1918,Female,United States,34
1919,Male,Taiwan,35
1920,A different identity,United States,35
1921,Male,Netherlands,66
1922,Female,Australia,27
1923,Male,Taiwan,30
1924,Male,United States,33
1925,Male,Argentina,40
1926,Male,Russia,46
1927,Male,Other,39
1928,Female,Canada,28
1929,Male,France,50
1930,Male,Turkey,50
1931,Male,Chile,52
1932,Male,United States,35
1933,Male,United States,22
1934,Male,Israel,52
1935,Male,Brazil,38
1936,Male,Vietnam,26
1937,Male,United States,41
1938,Female,United States,33
1939,Male,Spain,29
1940,Male,Brazil,30
1941,Male,Canada,40
1942,Male,Russia,30
1943,Male,Canada,40
1944,Male,United States,27
1945,Male,United States,32
1946,Male,United States,42
1947,Male,Canada,30
1948,Male,India,30
1949,Male,United States,28
1950,A different identity,United States,43
1951,Female,United States,59
1952,Male,United States,42
1953,Male,Brazil,45
1954,Male,Netherlands,27
1955,Female,Romania,25
1956,Male,United States,31
1957,Female,United States,43
1958,Male,Greece,33
1959,Male,France,45
1960,Female,United States,NA
1961,Male,United States,40
1962,Male,Germany,30
1963,Male,United States,30
1964,Male,India,32
1965,Male,Canada,47
1966,Male,United States,39
1967,Male,Colombia,29
1968,Male,United States,63
1969,Male,Canada,57
1970,Male,United States,29
1971,Male,United States,38
1972,Male,United States,44
1973,Male,Spain,25
1974,Female,Greece,24
1975,Male,United States,32
1976,Male,United States,40
1977,Male,United States,60
1978,Male,Brazil,51
1979,Female,United States,61
1980,Male,Mexico,37
1981,Male,United States,42
1982,Male,Canada,36
1983,Female,India,29
1984,Male,Brazil,29
1985,Female,India,52
1986,Male,United States,22
1987,Male,Belgium,24
1988,Male,Greece,28
1989,Female,United States,34
1990,Male,Other,39
1991,Female,Romania,32
1992,Male,India,31
1993,Female,Indonesia,28
1994,Male,India,41
1995,Male,Brazil,34
1996,Male,India,24
1997,Male,United States,34
1998,Female,United States,26
1999,Male,United States,30
2000,Male,United States,63
2001,Male,United States,53
2002,NA,NA,NA
2003,Male,United States,36
2004,Male,Chile,23
2005,Male,United States,41
2006,Male,South Korea,25
2007,Male,Other,25
2008,Male,Brazil,24
2009,Male,United States,35
2010,Male,United States,27
2011,Male,India,49
2012,Male,Canada,54
2013,Male,India,35
2014,Male,Russia,28
2015,Male,Russia,40
2016,Male,Brazil,51
2017,Female,United States,32
2018,Female,United States,29
2019,Male,United States,38
2020,Male,Belarus,34
2021,Male,Republic of China,26
2022,Female,United States,28
2023,Male,Italy,22
2024,Male,United States,51
2025,Female,United States,27
2026,Male,Norway,31
2027,Male,Argentina,25
2028,Male,United States,22
2029,Male,France,26
2030,Male,Brazil,23
2031,Male,United States,27
2032,Male,India,40
2033,Male,Mexico,30
2034,Male,United States,55
2035,Male,Other,30
2036,Male,India,42
2037,Male,United States,37
2038,Male,Nigeria,36
2039,Male,India,23
2040,NA,NA,NA
2041,Male,United States,40
2042,Male,Argentina,28
2043,Male,United States,44
2044,Male,United States,26
2045,Female,Egypt,30
2046,Male,United States,40
2047,Male,France,47
2048,Male,France,44
2049,Male,United States,46
2050,Male,Portugal,39
2051,Male,United States,44
2052,Male,United States,32
2053,A different identity,Other,25
2054,Male,United States,30
2055,Male,Romania,40
2056,Female,United States,56
2057,Male,India,29
2058,Male,France,25
2059,Male,Germany,53
2060,Male,Switzerland,44
2061,Male,Pakistan,33
2062,Male,South Africa,25
2063,Female,Brazil,38
2064,Male,Germany,41
2065,Male,Colombia,35
2066,Female,United States,27
2067,Male,United States,51
2068,Male,United States,44
2069,Female,Switzerland,NA
2070,Male,United States,27
2071,Male,Colombia,31
2072,Male,India,24
2073,Male,United States,33
2074,Male,Portugal,33
2075,Male,United States,57
2076,Male,United States,23
2077,Male,United States,32
2078,Male,United States,44
2079,Male,India,32
2080,Male,United States,31
2081,Female,Ireland,28
2082,Male,Russia,36
2083,Male,Canada,38
2084,Male,United States,24
2085,Male,Italy,25
2086,Male,Switzerland,32
2087,Male,Italy,30
2088,Male,United States,51
2089,Male,United States,60
2090,Male,India,40
2091,Male,France,50
2092,Male,Brazil,38
2093,Male,Other,25
2094,Male,United Kingdom,64
2095,Male,United States,54
2096,Male,Poland,29
2097,Male,United States,25
2098,Male,Iran,31
2099,Female,United States,36
2100,Male,United States,45
2101,Female,India,36
2102,Male,United States,33
2103,Male,United States,60
2104,Male,Russia,43
2105,Female,United States,40
2106,Male,Ukraine,23
2107,Male,United States,45
2108,Male,Republic of China,31
2109,Male,United States,33
2110,Male,United States,31
2111,Female,Chile,28
2112,Male,Other,26
2113,Male,United States,24
2114,Female,United States,28
2115,Male,Canada,35
2116,Male,United States,24
2117,Male,United States,28
2118,Male,Switzerland,40
2119,Female,United States,19
2120,Male,Pakistan,27
2121,Male,United Kingdom,29
2122,Male,Spain,57
2123,Male,United States,38
2124,Male,Turkey,23
2125,Male,United States,27
2126,Male,Russia,23
2127,Male,Mexico,37
2128,Male,Australia,40
2129,Male,United States,29
2130,Male,Netherlands,35
2131,Male,Australia,63
2132,Male,United States,31
2133,Male,Other,34
2134,Male,United States,54
2135,Male,Other,27
2136,Male,United States,38
2137,Female,United States,39
2138,Male,United States,50
2139,Male,United States,42
2140,Male,Japan,49
2141,Male,India,31
2142,Female,Malaysia,30
2143,Female,Russia,45
2144,Female,Brazil,34
2145,Female,United States,30
2146,Male,Singapore,25
2147,Male,India,54
2148,Male,Taiwan,53
2149,Male,United States,32
2150,Male,United States,45
2151,Male,Singapore,40
2152,Male,United States,40
2153,Male,South Korea,62
2154,Male,Brazil,39
2155,Male,Japan,27
2156,Male,New Zealand,28
2157,Male,People 's Republic of China,28
2158,Male,United States,31
2159,Male,United States,52
2160,Male,Japan,25
2161,Male,United States,31
2162,Male,Other,44
2163,Male,Singapore,33
2164,Male,Chile,25
2165,Male,Brazil,49
2166,Male,United States,61
2167,Male,United States,36
2168,Male,Australia,30
2169,Male,People 's Republic of China,34
2170,A different identity,Pakistan,30
2171,Male,NA,NA
2172,Male,Japan,26
2173,Male,Philippines,49
2174,Male,India,40
2175,Male,Taiwan,40
2176,Male,Other,28
2177,Male,United States,40
2178,Male,India,25
2179,Female,United States,34
2180,Female,India,32
2181,Male,Germany,56
2182,Female,India,37
2183,Female,Australia,35
2184,Female,Other,41
2185,Female,Pakistan,23
2186,Male,Canada,28
2187,Male,Russia,30
2188,Female,United States,38
2189,Male,South Africa,27
2190,Male,South Korea,49
2191,Female,India,22
2192,Male,Spain,46
2193,Male,France,36
2194,Male,India,33
2195,Female,India,30
2196,Male,United Kingdom,37
2197,Male,Australia,40
2198,Female,India,27
2199,Male,South Korea,40
2200,Male,France,27
2201,Male,Indonesia,25
2202,Male,Israel,42
2203,Male,Denmark,39
2204,Male,Finland,53
2205,Male,Australia,25
2206,Female,NA,33
2207,Male,Denmark,31
2208,Female,United Kingdom,34
2209,Male,Spain,54
2210,Female,Romania,28
2211,Male,Kenya,26
2212,Male,Spain,32
2213,Male,Other,50
2214,Male,India,41
2215,Male,India,26
2216,Male,United States,29
2217,Male,Iran,36
2218,Male,Other,26
2219,Male,India,55
2220,Male,Hungary,54
2221,Male,Germany,26
2222,A different identity,United Kingdom,40
2223,Male,Other,28
2224,Male,Japan,52
2225,Male,United Kingdom,NA
2226,"Non-binary, genderqueer, or gender non-conforming",Singapore,100
2227,Male,Sweden,47
2228,Male,Czech Republic,25
2229,Male,India,22
2230,Male,Canada,48
2231,Male,United Kingdom,38
2232,Male,India,29
2233,Female,Germany,35
2234,Male,People 's Republic of China,22
2235,Male,Switzerland,58
2236,Male,Sweden,50
2237,Male,United States,55
2238,Male,Hungary,31
2239,Male,Portugal,37
2240,Male,Other,26
2241,Male,India,60
2242,Male,United Kingdom,57
2243,Male,Brazil,52
2244,Male,France,49
2245,Male,Greece,35
2246,Male,Pakistan,32
2247,Male,United Kingdom,26
2248,Male,Other,51
2249,Male,Other,31
2250,Male,United States,40
2251,Male,Chile,41
2252,Male,United States,29
2253,Male,United States,65
2254,Male,United States,37
2255,Male,Turkey,37
2256,Male,United States,45
2257,Male,India,22
2258,Female,Ireland,34
2259,Male,United States,26
2260,Male,South Korea,26
2261,Male,Poland,37
2262,Male,United States,31
2263,Male,Argentina,43
2264,Male,Other,29
2265,Male,Spain,40
2266,Male,United States,27
2267,Male,United States,63
2268,Male,Colombia,31
2269,Female,Mexico,34
2270,Male,Iran,30
2271,Male,Other,47
2272,Male,Brazil,45
2273,Male,Mexico,31
2274,Male,Brazil,24
2275,Male,United States,40
2276,Male,United States,36
2277,Male,United States,46
2278,Male,United Kingdom,36
2279,Female,United States,50
2280,Male,United States,26
2281,Male,United States,28
2282,Male,France,27
2283,Female,United States,18
2284,Male,France,80
2285,Male,United States,23
2286,Male,United States,53
2287,Male,Brazil,32
2288,Male,Switzerland,32
2289,Male,United States,29
2290,Male,United States,52
2291,Male,NA,NA
2292,Male,Brazil,36
2293,Male,Egypt,49
2294,Male,Canada,36
2295,Male,United States,27
2296,Male,New Zealand,65
2297,Male,United States,29
2298,Male,United States,56
2299,Male,Germany,24
2300,Female,Russia,25
2301,Male,United States,43
2302,Male,Canada,49
2303,Male,United States,50
2304,Male,Other,40
2305,Female,United States,38
2306,Male,Taiwan,22
2307,Male,Colombia,44
2308,Male,People 's Republic of China,28
2309,Male,Other,38
2310,Male,Australia,74
2311,Female,United States,37
2312,Male,United States,35
2313,Male,Japan,35
2314,Female,United States,25
2315,Male,United States,32
2316,Male,Indonesia,31
2317,Male,Germany,32
2318,Male,Singapore,29
2319,Male,Switzerland,38
2320,Male,Egypt,33
2321,Male,United Kingdom,35
2322,Male,Philippines,35
2323,Female,United Kingdom,47
2324,Male,Netherlands,25
2325,Male,Netherlands,38
2326,Male,Netherlands,37
2327,Female,Kenya,25
2328,Male,Canada,49
2329,Female,South Korea,24
2330,Male,Spain,39
2331,Male,Denmark,39
2332,Male,Israel,36
2333,Female,Other,25
2334,Male,Italy,33
2335,Male,India,46
2336,Male,Germany,25
2337,Male,Russia,28
2338,Female,Indonesia,26
2339,Male,Canada,56
2340,Male,India,22
2341,Male,Belarus,21
2342,Female,Other,50
2343,Male,Japan,36
2344,Male,Mexico,28
2345,Male,France,33
2346,Female,Mexico,57
2347,Male,United States,NA
2348,Male,Netherlands,35
2349,Male,Ukraine,25
2350,Male,Australia,43
2351,Male,Netherlands,32
2352,Female,Russia,28
2353,Male,Turkey,33
2354,Male,Italy,30
2355,Female,United States,28
2356,Male,United States,38
2357,Male,United States,27
2358,Male,Argentina,32
2359,Male,People 's Republic of China,26
2360,Male,United States,33
2361,Male,Japan,34
2362,Male,United States,61
2363,Male,United States,57
2364,Male,United States,63
2365,Male,Other,38
2366,Male,Japan,28
2367,Male,India,28
2368,Female,Ukraine,25
2369,Male,Taiwan,46
2370,Male,Iran,28
2371,Male,People 's Republic of China,34
2372,Male,India,35
2373,Male,Russia,28
2374,Male,Italy,36
2375,Male,People 's Republic of China,25
2376,Male,India,22
2377,Male,Argentina,54
2378,Female,Colombia,30
2379,Male,Australia,34
2380,Male,United States,NA
2381,Male,Singapore,33
2382,Male,Pakistan,34
2383,Male,United States,27
2384,Male,Brazil,29
2385,Male,Brazil,28
2386,Male,France,24
2387,Male,Belgium,48
2388,Male,Russia,38
2389,Male,United States,43
2390,Male,Canada,29
2391,Female,Philippines,26
2392,Male,Brazil,26
2393,Female,United States,50
2394,Male,Taiwan,38
2395,A different identity,Japan,68
2396,Male,United States,21
2397,Male,India,38
2398,Male,India,39
2399,Male,Japan,31
2400,Male,United States,34
2401,Male,India,25
2402,Male,Australia,35
2403,Female,Turkey,24
2404,Male,Spain,31
2405,Male,Other,37
2406,Male,Italy,34
2407,Male,People 's Republic of China,24
2408,Male,Russia,24
2409,Male,Italy,29
2410,Male,Russia,35
2411,Male,Singapore,34
2412,Male,India,35
2413,Male,Spain,32
2414,Male,Russia,40
2415,Male,Greece,27
2416,Male,India,26
2417,Male,Russia,36
2418,Male,Iran,45
2419,Male,Sweden,35
2420,Male,Other,34
2421,"Non-binary, genderqueer, or gender non-conforming",United States,21
2422,Male,Kenya,55
2423,Male,Poland,41
2424,Male,Belgium,51
2425,Male,United States,21
2426,Female,Italy,66
2427,Male,Australia,25
2428,Female,United States,40
2429,Male,United States,52
2430,Male,Brazil,58
2431,Male,Australia,36
2432,Female,United States,29
2433,Female,United States,28
2434,Male,United States,27
2435,Male,Republic of China,31
2436,Female,South Korea,23
2437,Male,United States,30
2438,Male,People 's Republic of China,21
2439,Male,Russia,24
2440,Female,India,37
2441,Male,Spain,53
2442,Male,People 's Republic of China,21
2443,Male,People 's Republic of China,25
2444,Male,Netherlands,24
2445,Male,United States,27
2446,Male,Germany,46
2447,Male,Ukraine,24
2448,"Non-binary, genderqueer, or gender non-conforming",Other,63
2449,Male,Germany,27
2450,Male,United Kingdom,37
2451,Male,Kenya,24
2452,Male,United States,65
2453,Male,Brazil,20
2454,Male,Romania,28
2455,Male,United States,72
2456,Male,Other,30
2457,Male,Canada,27
2458,Male,United States,29
2459,Male,Switzerland,34
2460,Male,Australia,25
2461,Male,United States,34
2462,Male,United States,53
2463,Male,United States,24
2464,Male,Brazil,26
2465,Male,United States,NA
2466,Male,Taiwan,38
2467,Male,South Korea,35
2468,Male,Israel,33
2469,Male,NA,NA
2470,Male,India,25
2471,Male,Italy,42
2472,Male,Ukraine,25
2473,Male,Hungary,33
2474,Male,Italy,34
2475,Male,Netherlands,23
2476,Female,Turkey,25
2477,Female,Germany,39
2478,Male,Italy,33
2479,Male,United States,33
2480,Male,Mexico,26
2481,Male,United States,31
2482,Male,United States,57
2483,Female,Mexico,29
2484,Male,United States,41
2485,Female,United States,20
2486,Female,United States,24
2487,Male,Brazil,22
2488,Male,United States,31
2489,Male,India,26
2490,Male,Indonesia,21
2491,Male,United States,37
2492,Male,Brazil,29
2493,Male,United States,40
2494,Male,United States,52
2495,Male,Germany,29
2496,Female,India,22
2497,Male,United States,55
2498,Male,India,26
2499,Male,Japan,48
2500,Male,India,24
2501,Male,Other,27
2502,Male,Brazil,51
2503,Male,Other,24
2504,Male,Republic of China,39
2505,Male,India,27
2506,Male,Canada,28
2507,Male,India,31
2508,Female,United States,52
2509,Female,India,44
2510,Female,People 's Republic of China,30
2511,Male,Japan,27
2512,Male,United States,26
2513,Male,United Kingdom,46
2514,Male,United States,27
2515,Male,United States,57
2516,Female,United States,22
2517,Female,Taiwan,24
2518,Male,India,23
2519,Male,India,22
2520,Female,Singapore,25
2521,Male,Japan,29
2522,Male,United States,22
2523,Male,Brazil,35
2524,A different identity,Poland,42
2525,Male,Japan,27
2526,Male,United States,21
2527,Male,United States,23
2528,Male,Other,52
2529,Male,India,21
2530,Male,United States,39
2531,Male,India,24
2532,Male,India,24
2533,Male,Germany,41
2534,NA,NA,NA
2535,Female,South Korea,43
2536,Male,Singapore,26
2537,Male,People 's Republic of China,23
2538,Male,Hong Kong,23
2539,Male,Taiwan,24
2540,Male,Spain,50
2541,Male,Australia,52
2542,Male,India,31
2543,Male,Germany,34
2544,Male,Japan,28
2545,Male,Poland,24
2546,Male,United States,22
2547,Male,Russia,26
2548,Male,Israel,25
2549,Male,India,NA
2550,Male,India,37
2551,Male,Other,40
2552,Male,India,26
2553,Male,Other,36
2554,Female,Poland,26
2555,Male,Norway,37
2556,Male,South Korea,48
2557,Male,Belarus,33
2558,Male,India,36
2559,Male,India,NA
2560,Female,NA,26
2561,Male,Taiwan,41
2562,Male,Japan,30
2563,Male,Italy,33
2564,Male,Russia,36
2565,Male,Pakistan,35
2566,Male,Vietnam,35
2567,Male,Taiwan,32
2568,Male,France,42
2569,Male,People 's Republic of China,30
2570,Male,Spain,25
2571,Female,New Zealand,35
2572,Female,United Kingdom,32
2573,Male,Kenya,26
2574,Male,South Korea,32
2575,Male,Norway,33
2576,Male,India,24
2577,Female,United States,40
2578,Male,Other,28
2579,Female,Russia,24
2580,Male,Singapore,26
2581,Male,Nigeria,29
2582,Male,France,22
2583,Male,Other,39
2584,Male,India,24
2585,Male,Czech Republic,22
2586,Male,Switzerland,30
2587,Male,United Kingdom,30
2588,Male,Nigeria,27
2589,Male,People 's Republic of China,37
2590,Male,Singapore,30
2591,Male,People 's Republic of China,33
2592,Male,Other,33
2593,NA,NA,NA
2594,Male,United States,46
2595,A different identity,Netherlands,46
2596,Male,Sweden,40
2597,Male,India,32
2598,Male,Netherlands,31
2599,Male,South Korea,23
2600,Female,United Kingdom,34
2601,Male,Iran,29
2602,Male,Israel,24
2603,Male,Germany,25
2604,Male,India,23
2605,Male,India,29
2606,Male,Canada,32
2607,Female,Egypt,30
2608,Female,United Kingdom,28
2609,Male,Germany,30
2610,Female,Russia,30
2611,Male,India,29
2612,Female,United Kingdom,39
2613,Female,Brazil,31
2614,Male,Russia,22
2615,Male,Vietnam,24
2616,Male,France,27
2617,Male,United States,46
2618,Male,People 's Republic of China,25
2619,Male,Brazil,33
2620,Male,Spain,46
2621,Male,Australia,54
2622,Male,India,31
2623,Male,Belgium,27
2624,Male,India,31
2625,Male,United States,55
2626,Male,India,23
2627,Female,United States,33
2628,Female,United States,25
2629,Male,United States,41
2630,Male,India,27
2631,Male,New Zealand,51
2632,Male,Brazil,46
2633,Male,United States,49
2634,Male,India,30
2635,Male,South Africa,31
2636,Male,Japan,27
2637,Male,India,32
2638,Male,United States,35
2639,Male,United States,27
2640,Male,Singapore,28
2641,Male,Turkey,30
2642,Male,Canada,45
2643,Male,Poland,38
2644,Male,India,21
2645,Male,Japan,49
2646,Male,Spain,29
2647,Male,Russia,33
2648,Female,United States,28
2649,Male,Other,34
2650,Male,Chile,28
2651,Female,Philippines,37
2652,Male,Poland,25
2653,Male,United States,47
2654,NA,NA,NA
2655,Male,Other,23
2656,Male,United States,29
2657,Male,Germany,22
2658,Male,Italy,38
2659,Male,Germany,30
2660,Male,United States,30
2661,Male,United States,49
2662,Male,South Korea,31
2663,Male,Switzerland,39
2664,Male,India,24
2665,Male,United States,47
2666,Male,India,40
2667,Female,United States,33
2668,Male,Portugal,25
2669,Male,United States,35
2670,Male,Canada,29
2671,Male,Spain,33
2672,Male,United States,25
2673,Male,France,40
2674,Male,United Kingdom,47
2675,Male,France,30
2676,Male,United States,28
2677,Male,Turkey,30
2678,Female,United States,40
2679,Male,South Korea,34
2680,Male,Denmark,49
2681,Male,United States,27
2682,Male,Japan,29
2683,Male,South Korea,38
2684,Male,Canada,22
2685,Female,United States,26
2686,Male,United States,44
2687,Male,Canada,20
2688,Male,United States,52
2689,Male,United States,33
2690,Male,People 's Republic of China,28
2691,A different identity,United States,28
2692,Male,Other,33
2693,Male,United Kingdom,45
2694,Male,United States,24
2695,Male,United States,32
2696,Male,United States,35
2697,Male,Ireland,35
2698,Male,Ireland,45
2699,Male,United States,61
2700,Male,Poland,37
2701,Male,United States,40
2702,Male,United States,34
2703,Male,Brazil,29
2704,Male,Australia,56
2705,Male,Czech Republic,32
2706,Male,India,24
2707,Male,Germany,41
2708,Female,United States,44
2709,Male,India,28
2710,Male,Other,26
2711,Male,United States,70
2712,Male,Other,0
2713,Male,United States,42
2714,Male,India,25
2715,Male,Belarus,25
2716,Male,Canada,30
2717,Male,Mexico,60
2718,Male,United States,44
2719,Male,Other,25
2720,Male,Iran,31
2721,Male,United States,45
2722,Male,Nigeria,20
2723,Male,United Kingdom,29
2724,Male,United States,27
2725,"Non-binary, genderqueer, or gender non-conforming",United States,30
2726,Male,Brazil,36
2727,Male,India,29
2728,Female,United States,29
2729,Male,Other,25
2730,Male,Other,28
2731,Male,United States,49
2732,Male,United States,55
2733,Male,Japan,25
2734,Female,United States,27
2735,Male,India,21
2736,Male,Egypt,38
2737,Male,India,26
2738,Male,United States,NA
2739,Female,United States,32
2740,Male,Germany,27
2741,Male,United States,26
2742,Female,Other,29
2743,Male,Israel,33
2744,Male,Russia,57
2745,Female,United States,36
2746,Female,Other,30
2747,Male,Colombia,27
2748,Male,Egypt,23
2749,A different identity,United States,36
2750,Male,Germany,29
2751,Female,United States,44
2752,Male,Spain,24
2753,Male,United States,30
2754,Male,Poland,25
2755,Female,United States,28
2756,Male,Japan,35
2757,Male,People 's Republic of China,35
2758,Male,Japan,41
2759,Male,United States,55
2760,Female,Colombia,29
2761,Male,United States,35
2762,Male,South Korea,45
2763,Male,Singapore,26
2764,Female,Taiwan,52
2765,Male,United States,43
2766,Male,Vietnam,31
2767,Female,United States,36
2768,Male,United States,36
2769,Male,India,43
2770,Male,People 's Republic of China,18
2771,Male,Pakistan,38
2772,Male,France,24
2773,Male,India,48
2774,Male,Mexico,27
2775,Male,Other,29
2776,Female,Ireland,40
2777,Male,Hong Kong,26
2778,Male,Turkey,34
2779,A different identity,NA,NA
2780,Female,United Kingdom,32
2781,Male,France,38
2782,Male,Japan,35
2783,Male,Other,24
2784,Male,Other,30
2785,Male,Germany,36
2786,Male,People 's Republic of China,27
2787,Male,Pakistan,27
2788,Male,India,36
2789,Male,Turkey,28
2790,Male,Switzerland,38
2791,Male,Portugal,37
2792,Male,India,33
2793,Male,United Kingdom,NA
2794,Male,India,30
2795,Male,Other,31
2796,Male,Nigeria,33
2797,Male,India,25
2798,Female,Italy,36
2799,Male,Other,42
2800,Male,Canada,21
2801,Male,India,27
2802,Male,Brazil,31
2803,Male,Other,27
2804,Male,Argentina,40
2805,Male,Chile,39
2806,Male,Sweden,35
2807,Female,NA,28
2808,Male,United States,25
2809,Male,India,34
2810,Female,Italy,37
2811,Female,Colombia,40
2812,Male,South Africa,33
2813,Male,United States,33
2814,Male,United States,56
2815,Male,India,19
2816,Male,Other,29
2817,Male,United States,31
2818,Female,United States,NA
2819,Female,United States,24
2820,Male,Brazil,23
2821,Female,United States,27
2822,Male,United States,35
2823,Male,United States,41
2824,Female,United States,32
2825,Female,Australia,27
2826,Male,United States,29
2827,Male,United States,26
2828,Male,United States,30
2829,Male,Belgium,53
2830,Male,Switzerland,27
2831,Male,Finland,44
2832,Male,India,40
2833,Female,India,23
2834,Male,Other,28
2835,Male,Brazil,26
2836,Male,Japan,41
2837,Male,United States,62
2838,Male,United Kingdom,29
2839,Male,Mexico,32
2840,Male,United States,45
2841,Male,United States,29
2842,Male,India,22
2843,Female,United States,45
2844,Female,Malaysia,49
2845,Male,United States,31
2846,Female,Russia,24
2847,Male,People 's Republic of China,32
2848,Male,Ukraine,35
2849,Female,Russia,31
2850,Male,United States,39
2851,Male,Romania,47
2852,Female,France,29
2853,Male,United States,39
2854,Male,India,30
2855,Female,United States,29
2856,Male,Russia,38
2857,Male,United States,23
2858,Male,Nigeria,39
2859,Male,Colombia,28
2860,Male,Israel,44
2861,Male,Germany,21
2862,Male,People 's Republic of China,30
2863,Male,Poland,37
2864,Male,United Kingdom,46
2865,Male,Pakistan,36
2866,Male,Canada,NA
2867,Male,Spain,31
2868,Female,Other,31
2869,Male,United States,34
2870,Male,United States,20
2871,Male,Turkey,30
2872,A different identity,Kenya,25
2873,Male,Italy,49
2874,Female,India,20
2875,Male,Spain,36
2876,Female,Other,35
2877,Male,Philippines,34
2878,Male,Russia,32
2879,Male,India,30
2880,Male,Other,43
2881,Male,Other,43
2882,Male,Hungary,34
2883,Male,India,NA
2884,Male,Singapore,34
2885,Male,Malaysia,27
2886,Male,People 's Republic of China,24
2887,Male,Republic of China,30
2888,Male,Vietnam,22
2889,Male,India,25
2890,Male,Norway,34
2891,Male,India,24
2892,Male,Australia,NA
2893,Male,Other,25
2894,Male,Australia,NA
2895,Male,People 's Republic of China,34
